category,answerable,question,answer
products,True,What kind of products does GreenTech Marketplace offer?,"GreenTech Marketplace specializes in sustainable technology products. We sell solar panels, energy-efficient appliances, smart home devices, and eco-friendly accessories."
products,True,Can you tell me more about the solar panels you offer?,"At GreenTech Marketplace, we provide a variety of solar panels designed to help you harness renewable energy for your home. These panels are durable, efficient, and come with a warranty of 1-3 years depending on the specific model."
products,True,I'm interested in smart home devices. What can I find on your platform?,"You can find a range of smart home devices on our platform, such as energy-saving light bulbs, smart thermostats, and eco-friendly appliances like refrigerators and dishwashers. These devices are designed to make your home more energy-efficient and help you save on utility bills."
shipping,True,What is the estimated delivery time for a standard shipment?,"Our standard shipping method takes 5-7 business days, but please note that delivery times may vary depending on your location."
shipping,True,"How much does it cost to ship my order, and is there a free shipping threshold?","Shipping is free for orders over $75. For orders under $75, the shipping cost will be added at checkout."
shipping,True,"Can I track my order once it's been shipped, and how do I do that?","Yes, you will receive a tracking number once your order has been shipped. You can track your package on our website or via email. To track your order on our website, simply log into your account and go to the 'Orders' section. If you need further assistance, feel free to contact our customer service team."
returns,True,"Hi, I ordered a solar panel from GreenTech Marketplace, but I've changed my mind. Can I return it within the 30-day period?","Absolutely! As long as the solar panel is unopened and still in its original packaging, you can return it within 30 days of the purchase for a full refund."
returns,True,I've received an incorrect item in my order. How can I initiate a return and get a refund?,"I'm sorry for the inconvenience. You can initiate a return by contacting our customer service team at support@greentechmarketplace.com or via phone at 1-800-GREEN-TECH. Once we receive the item and confirm its condition, we'll process a refund within 5-7 business days."
returns,True,I've used some of the smart home devices I purchased from GreenTech Marketplace. Can I still return them within the 30-day period?,"I'm sorry, but our return policy only applies to unopened items in their original packaging. Since you've used the smart home devices, they no longer qualify for a return. However, please reach out if you have any issues or concerns with the products. Our team is here to help!"
customer_service,True,What are your customer service hours?,"Our customer service hours are Monday-Friday from 9 AM - 6 PM EST and on Saturday from 10 AM - 4 PM EST. You can reach us during these hours via email at support@greentechmarketplace.com, by phone at 1-800-GREEN-TECH, or through live chat during business hours."
customer_service,True,I'd like to return an item. Can you tell me about your return policy?,"We have a 30-day return policy for unopened items in their original packaging. To initiate a return, please contact our customer service team at support@greentechmarketplace.com or 1-800-GREEN-TECH during our business hours. Refunds are processed within 5-7 business days after we receive the returned item."
customer_service,True,I'm interested in expedited shipping for an upcoming order. What options do you offer?,"For expedited shipping, we offer Express Shipping which takes 2-3 business days. Standard shipping is available free of charge for orders over $75 and takes 5-7 business days. If your order is urgent, I recommend choosing Express Shipping at checkout."
warranty,True,How long does the warranty last on the solar panels I purchased from GreenTech Marketplace?,"The warranty on our solar panels lasts for 3 years, ensuring you have peace of mind with your sustainable energy investment."
warranty,True,What does the warranty cover for the energy-efficient appliances I bought from GreenTech Marketplace?,"Our warranty covers manufacturing defects for the specified period, which means if your appliance fails due to a manufacturing issue, we'll repair or replace it at no additional cost."
warranty,True,I'm having an issue with a product I purchased and I'd like to make a warranty claim. What should I do?,"To make a warranty claim, please contact our customer service team at support@greentechmarketplace.com or call 1-800-GREEN-TECH, and provide us with your order number, a detailed description of the issue, and any relevant photos. Our team will guide you through the process and work towards resolving your concern."
orders,True,Can you help me check the status of my order? I placed it a few days ago and I haven't received any updates.,"Of course! I'd be happy to help with that. Your order is currently [status - e.g., in transit or processing]. You can track your package using the tracking number provided in your order confirmation email. If you don't have it handy, please let me know your order number, and I'll send it to you."
orders,True,I'd like to modify my order as I accidentally added the wrong item. Is it possible to change it?,"Absolutely! You can modify your order as long as it hasn't been shipped yet. Please contact us as soon as possible so we can assist you in making the necessary changes. If your order has already shipped, you'll need to return the incorrect item and place a new order for the correct one."
orders,True,I need to cancel my order. I changed my mind about the purchase. Is it possible to do so?,"I understand. You can cancel your order as long as it hasn't been shipped yet. Please send us your order number, and we'll process the cancellation for you. If your order has already been shipped, you can still return the items within 30 days for a refund, following our return policy."
personal_advice,False,What's your favorite brand of running shoes for someone who's training for a marathon and has flat feet?,"I'm sorry for any inconvenience, but I'm unable to provide personal recommendations or opinions. However, I can help you find running shoes that are suitable for people with flat feet. You can filter your search by selecting ""stability"" or ""motion control"" shoes, which are designed to support runners with this foot type. I'd be happy to help you find the best options within our product range."
personal_advice,False,Can you suggest a gift for my best friend who's going through a tough time?,"I'm really sorry to hear about your friend. I'm here to help with product-related questions, but I'm not able to provide personal advice or recommendations for gifts. I'd recommend reaching out to someone who knows your friend well and can suggest something thoughtful and meaningful. If you need help finding a gift, I can certainly help you browse our wide selection of products and find something that might be appreciated."
